Date,Time,Firstname,lastname,ho,sot
,,,,
22/06/2021, 11:16:09, admin, admin,
22/06/2021, 11:16:37, admin, admin,
22/06/2021, 12:17:01, admin, admin,
22/06/2021, 12:26:23, admin, admin,

23/06/2021, 13:32:07, admin, admin, inj
23/06/2021, 13:34:02, admin, admin, abc
23/06/2021, 15:49:49, admin, admin, abc, 
23/06/2021, 15:51:16, admin, admin, inj, 
23/06/2021, 15:53:27, admin, admin, abc, có
23/06/2021, 15:54:18, admin, admin, abc, yes
23/06/2021, 15:56:47, admin, admin, abc, None
23/06/2021, 15:59:00, admin, admin, abc, None
23/06/2021, 16:00:27, admin, admin, abc, yes
23/06/2021, 16:02:29, admin, admin, inj, No